LI,0
AT,0.589118
BE,0.512555
BG,0.494762
CY,0.231899
CZ,0.408264
DE,0.428095
DK,0.600182
EE,0.357449
EL,0.281934
ES,0.457749
EU,0.537327
FI,0.562857
FR,0.608934
HR,0.387434
HU,0.614146
IE,0.416842
IS,0.511507
IT,0.600556
LT,0.607997
LU,0.544917
LV,0.530095
,0.322587
MT,0.406136
NL,0.345249
NO,0.555384
PL,0.740812
RO,0.6286603394040853
PT,0.52943
SE,0.5659999999999999
SI,0.7144886571488496
SK,0.5106883262761717
UK,0.7027854324202629
TR,0.789
